2, 2017-06-06 14:00:00, 2017-06-06 15:00:00
4, 2017-06-07 01:00:00, 2017-06-07 23:00:00
6, 2017-06-09 01:00:00, 2017-06-09 23:00:00
7, 2017-06-10 01:00:00, 2017-06-10 23:00:00
10, 2017-06-13 01:00:00, 2017-06-13 23:00:00
0, 2017-06-05 01:00:00, 2017-06-05 23:00:00
5, 2017-06-08 01:00:00, 2017-06-08 23:00:00
1, 2017-06-06 13:30:00, 2017-06-06 14:30:00
3, 2017-06-06 14:00:00, 2017-06-06 14:30:00
11, 2017-06-14 01:00:00, 2017-06-16 23:00:00
1, 2017-06-06 07:00:00, 2017-06-06 09:00:00
2, 2017-06-06 08:40:00, 2017-06-06 09:00:00
3, 2017-06-06 11:00:00, 2017-06-06 12:00:00
8, 2017-06-11 01:00:00, 2017-06-11 23:00:00
2, 2017-06-06 13:00:00, 2017-06-06 14:00:00
9, 2017-06-12 01:00:00, 2017-06-12 23:00:00
1, 2017-06-06 08:30:00, 2017-06-06 09:30:00
